City_ID,City,Country,Date,Lat,Lng,Max Temp,Humidity,Cloudiness,Wind Speed
0,Bredasdorp,ZA,2021-06-07 00:10:55,-34.5322,20.0403,56.28,36,5,7.34
1,Labuhan,ID,2021-06-07 00:03:23,-6.8844,112.2051,79.11,81,19,7.38
2,Saldanha,ZA,2021-06-07 00:10:56,-33.0117,17.9442,68.02,37,2,27.27
3,Henties Bay,NA,2021-06-07 00:10:57,-22.116,14.2845,67.86,47,0,7.81
4,Punta Arenas,CL,2021-06-07 00:08:35,-53.15,-70.9167,39.31,81,0,10.25
5,Nikolskoye,RU,2021-06-07 00:10:57,59.7035,30.7861,58.89,87,72,3.18
6,Busselton,AU,2021-06-07 00:10:58,-33.65,115.3333,47.08,78,0,7.25
7,Guerrero Negro,MX,2021-06-07 00:01:35,27.9769,-114.0611,67.53,64,74,16.55
8,Mataura,NZ,2021-06-07 00:10:58,-46.1927,168.8643,49.48,70,49,4.09
9,Cherskiy,RU,2021-06-07 00:02:21,68.75,161.3,69.48,34,89,19.53
10,Kologriv,RU,2021-06-07 00:10:59,58.8275,44.3178,55.92,76,24,1.88
11,Vieste,IT,2021-06-07 00:10:59,41.8825,16.175,67.23,81,55,4.23
12,Vaini,TO,2021-06-07 00:11:00,-21.2,-175.2,78.96,78,75,13.8
13,Saurimo,AO,2021-06-07 00:11:00,-9.6608,20.3916,59.56,59,8,5.79
14,Port Hardy,CA,2021-06-07 00:01:51,50.6996,-127.4199,53.55,69,100,5.61
15,Rikitea,PF,2021-06-07 00:11:01,-23.1203,-134.9692,76.78,83,99,14.9
16,Fonte Boa,BR,2021-06-07 00:07:08,-2.4959,-66.2662,75.7,90,82,2.62
17,Ojinaga,MX,2021-06-07 00:11:01,29.5667,-104.4167,103.15,8,1,11.5
18,Khatanga,RU,2021-06-07 00:02:15,71.9667,102.5,35.11,82,97,7.27
19,Severnyy-Kospashskiy,RU,2021-06-07 00:11:02,59.0925,57.8008,54.61,83,72,1.81
20,Timra,SE,2021-06-07 00:11:02,62.487,17.3257,56.91,88,90,3.44
21,Port Elizabeth,ZA,2021-06-07 00:11:03,-33.918,25.5701,61.02,29,0,9.57
22,Cape Town,ZA,2021-06-06 23:59:48,-33.9258,18.4232,68.41,34,0,14.23
23,Ushuaia,AR,2021-06-07 00:11:03,-54.8,-68.3,42.46,65,40,17.27
24,Vao,NC,2021-06-07 00:02:51,-22.6667,167.4833,70.11,64,94,15.43
25,Qaanaaq,GL,2021-06-07 00:11:04,77.484,-69.3632,39.69,76,64,5.91
26,Port Alfred,ZA,2021-06-07 00:11:04,-33.5906,26.891,63.39,35,0,8.7
27,Avarua,CK,2021-06-07 00:01:39,-21.2078,-159.775,77.05,61,75,3.44
28,Saint-Augustin,CA,2021-06-07 00:01:52,51.226,-58.6502,50.7,65,70,13.96
29,Kavaratti,IN,2021-06-07 00:11:05,10.5669,72.642,81.93,78,100,12.15
30,Puerto Ayora,EC,2021-06-07 00:11:05,-0.7393,-90.3518,73.54,92,38,1.01
31,Bunia,CD,2021-06-07 00:02:55,1.5667,30.25,62.33,90,84,2.75
32,Paamiut,GL,2021-06-07 00:07:15,61.994,-49.6678,38.28,97,100,2.33
33,Iqaluit,CA,2021-06-07 00:01:16,63.7506,-68.5145,32.7,86,37,5.99
34,Barrow,US,2021-06-07 00:09:00,71.2906,-156.7887,32.02,86,90,16.11
35,Constitucion,CL,2021-06-07 00:01:40,-35.3333,-72.4167,51.98,70,100,7.2
36,Hobart,AU,2021-06-07 00:10:15,-42.8794,147.3294,59.25,63,75,1.01
37,Albany,US,2021-06-07 00:06:20,42.6001,-73.9662,84.07,69,41,3.71
38,Tadine,NC,2021-06-07 00:11:06,-21.55,167.8833,72.86,59,91,11.65
39,Kapaa,US,2021-06-07 00:01:13,22.0752,-159.319,82.38,73,18,5.99
40,Debre Birhan,ET,2021-06-07 00:11:07,9.6833,39.5333,52.83,54,98,1.28
41,Port Macquarie,AU,2021-06-07 00:07:13,-31.4333,152.9167,57.38,57,6,3.83
42,Talnakh,RU,2021-06-07 00:11:08,69.4865,88.3972,31.68,96,100,5.57
43,Coihaique,CL,2021-06-07 00:04:09,-45.5752,-72.0662,39.85,98,100,5.17
44,Los Llanos De Aridane,ES,2021-06-07 00:04:24,28.6585,-17.9182,64.15,83,20,12.24
45,Butaritari,KI,2021-06-07 00:11:08,3.0707,172.7902,82.83,72,11,8.43
46,San Quintin,MX,2021-06-07 00:03:07,30.4833,-115.95,65.25,65,12,11.5
47,Baft,IR,2021-06-07 00:11:09,29.234,56.6057,73.69,30,1,2.93
48,Berlevag,NO,2021-06-07 00:02:28,70.8578,29.0864,39.38,72,5,1.05
49,Mahebourg,MU,2021-06-07 00:01:05,-20.4081,57.7,72.25,82,39,14.03
50,Jamestown,US,2021-06-07 00:11:09,42.097,-79.2353,81.72,53,1,5.75
51,Mashhad,IR,2021-06-07 00:07:34,36.297,59.6062,71.74,60,0,0.0
52,Hovd,MN,2021-06-07 00:06:52,48.0056,91.6419,47.5,46,4,4.76
53,Atuona,PF,2021-06-07 00:11:10,-9.8,-139.0333,80.46,62,52,7.2
54,Oriximina,BR,2021-06-07 00:02:24,-1.7656,-55.8661,81.82,68,98,3.65
55,Gat,IL,2021-06-07 00:11:11,31.61,34.7642,68.68,76,0,1.34
56,Goderich,CA,2021-06-07 00:08:58,43.7501,-81.7165,66.99,74,38,11.63
57,Naze,JP,2021-06-07 00:01:42,28.3667,129.4833,69.3,95,100,3.89
58,Trincomalee,LK,2021-06-07 00:09:09,8.5711,81.2335,80.91,79,98,18.05
59,Yazman,PK,2021-06-07 00:11:12,29.1212,71.7446,94.66,28,0,9.64
60,Adrar,MR,2021-06-07 00:08:06,20.5022,-10.0711,93.47,13,59,19.33
61,Upernavik,GL,2021-06-07 00:11:13,72.7868,-56.1549,36.84,85,62,4.68
62,Hermanus,ZA,2021-06-07 00:11:18,-34.4187,19.2345,67.89,44,1,11.52
63,East London,ZA,2021-06-07 00:11:18,-33.0153,27.9116,62.35,38,0,9.69
64,Ialibu,PG,2021-06-07 00:11:18,-6.2821,143.9935,65.16,75,99,2.15
65,Olinda,BR,2021-06-07 00:11:19,-8.0089,-34.8553,76.73,78,40,11.01
66,Dunedin,NZ,2021-06-07 00:02:00,-45.8742,170.5036,55.8,68,87,8.01
67,Luderitz,NA,2021-06-07 00:01:45,-26.6481,15.1594,68.02,31,1,12.08
68,Sao Joao Da Barra,BR,2021-06-07 00:06:48,-21.6403,-41.0511,74.32,85,100,13.62
69,General Pico,AR,2021-06-07 00:11:19,-35.6566,-63.7568,47.43,53,94,8.52
70,Tukrah,LY,2021-06-07 00:09:16,32.5341,20.5791,70.16,61,4,7.16
71,Cabedelo,BR,2021-06-07 00:11:20,-6.9811,-34.8339,75.87,85,36,11.83
72,Honiara,SB,2021-06-07 00:09:51,-9.4333,159.95,86.2,66,9,7.2
73,Winona,US,2021-06-07 00:07:46,43.9666,-91.7668,85.8,48,1,12.48
74,Portland,US,2021-06-07 00:03:28,45.5234,-122.6762,65.39,58,90,4.0
75,Ikalamavony,MG,2021-06-07 00:11:20,-21.15,46.5833,57.58,76,36,10.45
76,Severo-Kurilsk,RU,2021-06-07 00:11:21,50.6789,156.125,43.7,92,100,11.05
77,Tasiilaq,GL,2021-06-07 00:11:21,65.6145,-37.6368,41.16,90,98,5.03
78,Falakata,IN,2021-06-07 00:11:21,26.5208,89.2055,75.85,95,29,6.24
79,Turayf,SA,2021-06-07 00:09:41,31.6725,38.6637,70.9,34,3,6.82
80,Salalah,OM,2021-06-07 00:11:22,17.0151,54.0924,84.29,89,75,5.75
81,Zhaotong,CN,2021-06-07 00:11:22,27.3167,103.7167,58.21,82,100,3.02
82,Chuy,UY,2021-06-07 00:02:07,-33.6971,-53.4616,50.31,79,70,6.29
83,Toora-Khem,RU,2021-06-07 00:11:23,52.4675,96.11,44.33,78,100,0.92
84,Quijingue,BR,2021-06-07 00:11:23,-10.7525,-39.2092,67.86,94,42,4.54
85,Sire,NG,2021-06-07 00:11:23,12.9299,5.2043,83.23,51,100,14.81
86,San Cristobal,VE,2021-06-07 00:08:39,7.7669,-72.225,73.58,99,100,2.01
87,Ocos,GT,2021-06-07 00:11:24,14.5094,-92.1933,85.32,71,60,6.73
88,Samarai,PG,2021-06-07 00:03:23,-10.6167,150.6667,78.31,88,99,15.23
89,Tabou,CI,2021-06-07 00:11:24,4.423,-7.3528,78.6,84,100,10.25
90,Rudnyy,KZ,2021-06-07 00:11:25,52.9594,63.1206,59.11,44,33,1.95
91,Clyde,US,2021-06-07 00:11:25,41.3042,-82.9752,85.71,77,73,13.0
92,Georgetown,MY,2021-06-07 00:11:25,5.4112,100.3354,80.89,88,20,3.67
93,Iquique,CL,2021-06-07 00:11:26,-20.2208,-70.1431,60.84,79,94,3.65
94,Yellowknife,CA,2021-06-07 00:11:26,62.456,-114.3525,50.56,57,100,7.0
95,Camacha,PT,2021-06-07 00:09:18,33.0833,-16.3333,63.36,72,40,12.66
96,Hasaki,JP,2021-06-07 00:11:27,35.7333,140.8333,72.0,83,100,0.69
97,Saskylakh,RU,2021-06-07 00:03:27,71.9167,114.0833,40.37,52,81,5.26
98,Saint-Philippe,RE,2021-06-07 00:11:27,-21.3585,55.7679,72.99,85,79,15.52
99,Isabela,PH,2021-06-07 00:11:27,6.7085,121.9711,84.25,71,92,1.05
100,Cabo San Lucas,MX,2021-06-07 00:07:29,22.8909,-109.9124,99.52,37,1,5.75
101,Dryden,CA,2021-06-07 00:11:28,49.7833,-92.7503,69.37,63,77,9.28
102,Bengkulu,ID,2021-06-07 00:04:27,-3.8004,102.2655,74.23,88,23,4.36
103,Arlit,NE,2021-06-07 00:03:56,18.7369,7.3853,91.35,14,48,9.86
104,Ruse,BG,2021-06-07 00:11:28,43.8564,25.9708,62.35,88,15,4.56
105,Avera,US,2021-06-07 00:11:29,33.194,-82.5271,77.05,93,100,10.78
106,Namatanai,PG,2021-06-07 00:02:50,-3.6667,152.4333,82.51,75,95,2.39
107,Itaquyry,PY,2021-06-07 00:11:29,-24.9333,-55.2167,62.82,97,42,3.22
108,Normandin,CA,2021-06-07 00:11:30,48.8333,-72.5321,68.54,77,66,4.03
109,Leh,IN,2021-06-07 00:10:47,34.1667,77.5833,47.64,32,0,6.35
110,Ahja,EE,2021-06-07 00:11:30,58.2091,27.0734,59.25,80,24,4.65
111,Kruisfontein,ZA,2021-06-07 00:11:31,-34.0033,24.7314,55.62,24,2,8.05
112,Acari,PE,2021-06-07 00:11:31,-15.4311,-74.6158,66.58,75,14,3.13
113,Praia Da Vitoria,PT,2021-06-07 00:07:53,38.7333,-27.0667,64.76,93,99,4.59
114,Dicabisagan,PH,2021-06-07 00:11:31,17.0818,122.4157,83.39,77,99,3.89
115,Tupik,RU,2021-06-07 00:11:32,54.4253,119.9327,70.7,44,5,7.34
116,Grindavik,IS,2021-06-07 00:01:41,63.8424,-22.4338,46.87,100,90,15.12
117,Chokurdakh,RU,2021-06-07 00:11:32,70.6333,147.9167,39.92,65,98,6.17
118,Bluff,NZ,2021-06-07 00:11:35,-46.6,168.3333,49.8,76,54,7.54
119,Sioux Lookout,CA,2021-06-07 00:03:42,50.1001,-91.917,68.7,68,86,12.71
120,Thompson,CA,2021-06-07 00:11:35,55.7435,-97.8558,59.68,78,100,6.69
121,Lichuan,CN,2021-06-07 00:08:31,30.3,108.85,70.12,70,92,2.33
122,Dubrovnik,HR,2021-06-07 00:11:36,42.6481,18.0922,69.44,64,0,5.37
123,Asau,RO,2021-06-07 00:11:36,46.4333,26.4,56.39,76,5,5.14
124,Hithadhoo,MV,2021-06-07 00:11:36,-0.6,73.0833,82.89,74,12,13.06
125,Tura,IN,2021-06-07 00:01:47,25.5198,90.2201,72.48,97,77,6.29
126,Komsomolskiy,UZ,2021-06-07 00:07:29,40.4272,71.7189,77.72,33,80,6.91
127,Mount Pleasant,US,2021-06-07 00:07:25,32.7941,-79.8626,79.0,90,1,3.0
128,Mar Del Plata,AR,2021-06-07 00:09:23,-38.0023,-57.5575,54.12,71,64,5.01
129,Te Anau,NZ,2021-06-07 00:01:51,-45.4167,167.7167,44.85,80,10,1.12
130,Kakamigahara,JP,2021-06-07 00:11:37,35.4167,136.8667,76.24,62,100,0.18
131,Cidreira,BR,2021-06-07 00:11:38,-30.1811,-50.2056,63.28,75,100,11.48
132,Husavik,IS,2021-06-07 00:11:38,66.0449,-17.3389,47.73,79,71,4.72
133,Maxixe,MZ,2021-06-07 00:11:38,-23.8597,35.3472,66.24,76,83,8.75
134,Provideniya,RU,2021-06-07 00:11:39,64.3833,-173.3,42.91,61,75,8.95
135,Klaksvik,FO,2021-06-07 00:11:39,62.2266,-6.589,49.12,99,100,13.56
136,Basoko,CD,2021-06-07 00:11:39,1.2391,23.616,72.05,94,100,1.86
137,Vanavara,RU,2021-06-07 00:08:10,60.34,102.2797,44.31,54,76,5.75
138,Pocatello,US,2021-06-07 00:11:40,42.8713,-112.4455,81.48,19,1,1.99
139,Pisco,PE,2021-06-07 00:02:03,-13.7,-76.2167,63.01,86,3,5.5
140,Ponta Do Sol,PT,2021-06-07 00:11:40,32.6667,-17.1,66.83,73,6,6.26
141,Lebu,CL,2021-06-07 00:11:40,-37.6167,-73.65,48.51,80,92,5.91
142,Kuching,MY,2021-06-07 00:04:07,1.55,110.3333,73.62,100,40,0.0
143,Beipiao,CN,2021-06-07 00:11:41,41.7919,120.7792,72.88,43,83,9.93
144,Tilichiki,RU,2021-06-07 00:11:41,60.4667,166.1,38.14,96,100,5.93
145,Catamarca,AR,2021-06-07 00:08:57,-28.4696,-65.7852,60.49,77,48,7.7
146,Kodiak,US,2021-06-07 00:11:41,57.79,-152.4072,65.71,30,1,12.66
147,Westport,US,2021-06-07 00:07:50,41.1415,-73.3579,87.03,58,1,1.99
148,Jharsuguda,IN,2021-06-07 00:11:42,21.85,84.0333,85.87,49,14,5.32
149,Chipata,ZM,2021-06-07 00:11:42,-13.6333,32.65,52.2,80,93,8.41
150,Hit,IQ,2021-06-07 00:11:42,33.6416,42.8251,81.41,19,0,10.83
151,Port Blair,IN,2021-06-07 00:02:31,11.6667,92.75,83.88,77,100,12.33
152,Leningradskiy,RU,2021-06-07 00:11:43,69.3833,178.4167,42.69,67,19,15.21
153,Evensk,RU,2021-06-07 00:11:43,61.95,159.2333,47.01,76,93,5.21
154,Airai,TL,2021-06-07 00:11:43,-8.9266,125.4092,65.16,64,43,3.02
155,Nome,US,2021-06-07 00:04:05,64.5011,-165.4064,37.17,83,100,5.39
156,Touros,BR,2021-06-07 00:11:44,-5.1989,-35.4608,76.1,86,12,13.58
157,Bambous Virieux,MU,2021-06-07 00:03:03,-20.3428,57.7575,72.21,83,36,14.63
158,Norman Wells,CA,2021-06-07 00:11:44,65.282,-126.8329,42.82,89,100,2.26
159,Petropavlovsk-Kamchatskiy,RU,2021-06-07 00:07:49,53.0452,158.6483,45.19,93,90,2.8
160,Rongcheng,CN,2021-06-07 00:03:37,30.634,117.8517,76.6,64,100,2.66
161,Broome,US,2021-06-07 00:03:56,42.2506,-75.833,82.78,38,1,2.39
162,Lantana,US,2021-06-07 00:11:45,26.5867,-80.052,83.05,84,40,5.99
163,Dikson,RU,2021-06-07 00:11:45,73.5069,80.5464,29.91,91,99,12.91
164,Grants,US,2021-06-07 00:08:22,35.1473,-107.8514,89.83,8,1,14.97
165,Kahului,US,2021-06-07 00:02:46,20.8947,-156.47,82.98,72,31,8.99
166,Aquiraz,BR,2021-06-07 00:11:46,-3.9014,-38.3911,81.18,82,15,8.48
167,Pahrump,US,2021-06-07 00:11:46,36.2083,-115.9839,102.11,9,0,3.0
168,Geraldton,AU,2021-06-07 00:02:51,-28.7667,114.6,56.12,82,95,18.68
169,Teya,RU,2021-06-07 00:11:47,60.3778,92.6267,44.44,96,100,4.29
170,Satun,TH,2021-06-07 00:11:47,6.8333,100.0,77.0,89,100,2.21
171,Castro,BR,2021-06-07 00:11:47,-24.7911,-50.0119,61.47,66,97,2.28
172,Sayat,TM,2021-06-07 00:11:48,38.7839,63.8803,84.07,24,3,10.25
173,Lata,PT,2021-06-07 00:11:48,40.1629,-8.3327,59.81,93,0,1.66
174,New Norfolk,AU,2021-06-07 00:11:48,-42.7826,147.0587,58.91,49,100,7.85
175,Kloulklubed,PW,2021-06-07 00:11:49,7.0419,134.2556,75.7,80,100,6.82
176,Maudaha,IN,2021-06-07 00:11:49,25.6833,80.1167,92.7,37,36,11.86
177,Lipin Bor,RU,2021-06-07 00:11:50,60.2622,37.9763,54.93,82,92,3.2
178,Souillac,MU,2021-06-07 00:11:50,-20.5167,57.5167,72.36,84,59,11.7
179,Lorengau,PG,2021-06-07 00:11:50,-2.0226,147.2712,83.37,69,90,5.28
180,Katsuura,JP,2021-06-07 00:02:27,35.1333,140.3,75.22,81,95,1.01
181,Pangai,TO,2021-06-07 00:11:51,-19.8,-174.35,77.94,71,3,16.08
182,Nayoro,JP,2021-06-07 00:11:51,44.3506,142.4578,60.28,79,99,7.92
183,Laguna,US,2021-06-07 00:02:11,38.421,-121.4238,94.91,28,1,7.0
184,Kaitangata,NZ,2021-06-07 00:02:30,-46.2817,169.8464,50.58,69,62,5.66
185,Arona,ES,2021-06-07 00:11:52,28.0996,-16.681,61.83,71,20,5.01
186,Sur,OM,2021-06-07 00:09:39,22.5667,59.5289,83.75,77,1,8.03
187,Arraial Do Cabo,BR,2021-06-07 00:11:52,-22.9661,-42.0278,73.58,87,100,18.45
188,Izhma,RU,2021-06-07 00:11:52,65.0083,53.9113,37.63,64,11,7.94
189,Jagdalpur,IN,2021-06-07 00:11:53,19.0667,82.0333,77.05,78,25,4.97
190,Colares,PT,2021-06-07 00:11:53,38.7992,-9.4469,62.1,71,0,20.0
191,Alofi,NU,2021-06-07 00:11:54,-19.0595,-169.9187,78.69,65,48,6.91
192,Lagoa,PT,2021-06-07 00:11:54,39.05,-27.9833,63.68,88,100,12.41
193,Watertown,US,2021-06-07 00:07:47,42.3709,-71.1828,87.08,57,1,5.82
194,Naifaru,MV,2021-06-07 00:11:54,5.4444,73.3657,82.62,77,98,16.53
195,Tuktoyaktuk,CA,2021-06-07 00:11:55,69.4541,-133.0374,37.17,73,15,12.77
196,Durham,US,2021-06-07 00:10:41,36.0335,-78.8664,80.92,77,75,1.01
197,Carballo,ES,2021-06-07 00:11:55,43.213,-8.691,58.87,92,76,4.27
198,Fortuna,US,2021-06-07 00:11:56,40.5982,-124.1573,71.47,60,20,5.99
199,Sumbawanga,TZ,2021-06-07 00:11:56,-7.9667,31.6167,50.22,92,20,3.51
200,Vagur,FO,2021-06-07 00:02:36,61.4732,-6.8119,48.52,95,100,10.33
201,Svetlyy Yar,RU,2021-06-07 00:11:57,48.4748,44.781,60.4,84,95,6.67
202,Kiunga,PG,2021-06-07 00:11:57,-6.1219,141.2906,76.08,97,99,2.73
203,Mayo,US,2021-06-07 00:11:57,38.8876,-76.5119,87.96,70,1,8.99
204,Santiago De Compostela,ES,2021-06-07 00:11:58,42.8805,-8.5457,57.16,83,0,3.49
205,Marzuq,YE,2021-06-07 00:03:36,14.4,46.4667,81.34,34,51,5.46
206,Torbay,CA,2021-06-07 00:11:58,47.6666,-52.7314,41.29,92,79,3.0
207,Ossora,RU,2021-06-07 00:11:59,59.2353,163.0719,41.18,91,100,5.08
208,Victoria,HK,2021-06-07 00:09:38,22.2855,114.1577,82.45,81,52,3.0
209,Kieta,PG,2021-06-07 00:11:59,-6.2167,155.6333,83.7,74,76,5.48
210,Seoul,KR,2021-06-07 00:01:30,37.5683,126.9778,75.61,61,10,6.06
211,Road Town,VG,2021-06-07 00:11:59,18.4167,-64.6167,80.69,78,40,11.5
212,Danjiangkou,CN,2021-06-07 00:12:00,32.5428,111.5086,83.23,65,93,1.12
213,Buala,SB,2021-06-07 00:07:16,-8.145,159.5921,84.67,72,43,9.44
214,Bandarbeyla,SO,2021-06-07 00:12:00,9.4942,50.8122,78.69,86,4,24.94
215,Menongue,AO,2021-06-07 00:09:07,-14.6585,17.691,50.45,60,65,5.32
216,Kaabong,UG,2021-06-07 00:12:01,3.4836,34.1492,64.47,61,26,4.88
217,Hilo,US,2021-06-07 00:12:01,19.7297,-155.09,84.27,70,90,10.36
218,Pillaro,EC,2021-06-07 00:12:02,-1.1667,-78.5333,50.92,95,99,3.51
219,Parrita,CR,2021-06-07 00:12:02,9.5201,-84.3225,84.52,84,48,4.36
220,Bozdar,PK,2021-06-07 00:12:03,27.1828,68.636,86.79,58,1,14.0
221,Hay River,CA,2021-06-07 00:12:03,60.8156,-115.7999,48.96,53,52,6.55
222,Quatre Cocos,MU,2021-06-07 00:12:04,-20.2078,57.7625,72.09,83,36,14.61
223,Bannu,PK,2021-06-07 00:12:04,32.9854,70.6027,92.26,29,0,3.65
224,Lewiston,US,2021-06-07 00:07:32,44.1003,-70.2148,84.83,68,75,6.91
225,Saint Anthony,US,2021-06-07 00:07:08,45.0205,-93.218,91.72,38,1,5.01
226,San Patricio,US,2021-06-07 00:12:05,28.017,-97.5169,88.52,79,19,13.13
227,Chegutu,ZW,2021-06-07 00:12:05,-18.1302,30.1407,48.49,82,82,7.83
228,Ribeira Grande,PT,2021-06-07 00:12:05,38.5167,-28.7,64.99,88,100,8.39
229,Pochutla,MX,2021-06-07 00:09:43,15.7432,-96.4661,77.83,82,95,5.95
230,Baherden,TM,2021-06-07 00:12:06,38.4362,57.4316,76.28,47,0,7.87
231,Benguela,AO,2021-06-07 00:12:06,-12.5763,13.4055,73.29,70,23,1.48
232,Fairbanks,US,2021-06-07 00:02:56,64.8378,-147.7164,62.1,56,75,6.91
233,Port-Gentil,GA,2021-06-07 00:12:07,-0.7193,8.7815,77.79,89,72,8.57
234,Muisne,EC,2021-06-07 00:08:09,0.6,-80.0333,76.37,86,100,12.12
235,Carahue,CL,2021-06-07 00:12:07,-38.7,-73.1667,41.2,90,98,2.86
236,Batemans Bay,AU,2021-06-07 00:08:14,-35.7167,150.1833,59.92,58,90,4.27
237,Savannah Bight,HN,2021-06-07 00:09:28,16.45,-85.85,84.25,83,77,29.26
238,Kibre Mengist,ET,2021-06-07 00:12:08,5.8833,38.9833,59.65,94,100,3.31
239,Maniitsoq,GL,2021-06-07 00:12:08,65.4167,-52.9,39.06,94,100,9.4
240,Kuhdasht,IR,2021-06-07 00:12:08,33.535,47.6061,67.06,23,0,5.26
241,Xichang,CN,2021-06-07 00:08:31,27.8964,102.2634,64.9,96,99,1.07
242,Makakilo City,US,2021-06-07 00:02:35,21.3469,-158.0858,82.56,52,14,20.31
243,Marsabit,KE,2021-06-07 00:12:09,2.3284,37.9899,61.83,81,16,17.96
244,Maldonado,UY,2021-06-07 00:03:43,-34.6667,-54.9167,49.23,91,35,4.94
245,Oudtshoorn,ZA,2021-06-07 00:12:09,-33.5907,22.2014,70.16,29,3,8.97
246,Belaya Gora,RU,2021-06-07 00:12:10,68.5333,146.4167,44.47,62,98,3.13
247,Tandil,AR,2021-06-07 00:10:07,-37.3217,-59.1332,49.1,62,100,1.01
248,Batagay-Alyta,RU,2021-06-07 00:02:19,67.8006,130.4114,49.91,47,97,9.33
249,Yulara,AU,2021-06-07 00:02:29,-25.2406,130.9889,56.75,39,33,2.95
250,Ixtapa,MX,2021-06-07 00:04:42,20.7,-105.2,84.22,76,75,4.0
251,Jilib,SO,2021-06-07 00:12:11,0.4883,42.7854,71.55,97,97,6.04
252,Lovozero,RU,2021-06-07 00:12:11,68.005,35.0117,38.68,72,5,2.86
253,Knappskog,NO,2021-06-07 00:12:11,60.3819,5.0558,55.29,63,0,7.83
254,Qiqihar,CN,2021-06-07 00:12:12,47.3408,123.9672,70.27,42,1,6.53
255,Mehamn,NO,2021-06-07 00:07:39,71.0357,27.8492,40.01,69,4,3.06
256,Huaiyin,CN,2021-06-07 00:12:12,33.5886,119.0192,83.43,41,100,11.1
257,Mut,TR,2021-06-07 00:10:15,36.6439,33.4389,65.79,34,0,4.79
258,Ugoofaaru,MV,2021-06-07 00:12:13,5.6667,73.0,82.54,77,100,16.08
259,Barcelos,PT,2021-06-07 00:02:32,41.5388,-8.6151,63.91,85,4,1.45
260,Raudeberg,NO,2021-06-07 00:08:28,61.9875,5.1352,52.47,95,8,8.05
261,Harper,LR,2021-06-07 00:03:08,4.375,-7.7169,78.39,87,100,11.48
262,Shelbyville,US,2021-06-07 00:12:13,35.4834,-86.4603,74.64,83,1,4.61
263,Opuwo,NA,2021-06-07 00:04:07,-18.0607,13.84,55.15,47,1,4.16
264,Iskateley,RU,2021-06-07 00:12:14,67.6803,53.1512,34.9,68,96,13.04
265,Dwarka,IN,2021-06-07 00:09:04,22.2394,68.9678,84.34,69,5,13.27
266,Sao Filipe,CV,2021-06-07 00:02:18,14.8961,-24.4956,73.94,75,46,9.42
267,Sitka,US,2021-06-07 00:12:14,57.0531,-135.33,53.49,71,90,6.91
268,West Bay,KY,2021-06-07 00:12:15,19.3667,-81.4167,84.07,76,58,3.0
269,Smithers,CA,2021-06-07 00:12:15,54.7804,-127.1743,57.25,43,92,7.65
270,Roald,NO,2021-06-07 00:03:10,62.5833,6.1333,55.9,93,90,4.61
271,Abha,SA,2021-06-07 00:12:15,18.2164,42.5053,68.45,48,6,4.5
272,Pemangkat,ID,2021-06-07 00:04:28,1.1667,108.9667,78.26,84,94,4.7
273,Beringovskiy,RU,2021-06-07 00:12:15,63.05,179.3167,34.54,99,100,4.34
274,Tiksi,RU,2021-06-07 00:12:16,71.6872,128.8694,42.89,67,100,2.48
275,Slantsy,RU,2021-06-07 00:12:16,59.1182,28.0914,53.31,83,5,3.74
276,Waipawa,NZ,2021-06-07 00:08:42,-41.4122,175.5153,57.04,74,100,8.43
277,Albion,US,2021-06-07 00:12:17,42.2431,-84.753,85.62,51,75,8.19
278,Savelugu,GH,2021-06-07 00:12:17,9.6244,-0.8253,74.98,87,70,13.2
279,Rognan,NO,2021-06-07 00:12:18,67.0953,15.3878,57.76,77,100,0.65
280,Shimoda,JP,2021-06-07 00:02:27,34.6667,138.95,73.17,84,95,0.81
281,Fort-Shevchenko,KZ,2021-06-07 00:12:19,44.5086,50.263,69.91,72,98,9.33
282,Platanos,GR,2021-06-07 00:12:19,37.6667,21.6167,66.56,65,30,4.76
283,Sucua,EC,2021-06-07 00:12:19,-2.4667,-78.1667,68.4,98,100,1.48
284,Douglas,US,2021-06-07 00:12:20,41.3,-96.167,83.75,58,1,7.0
285,Leon,MX,2021-06-07 00:09:39,21.1167,-101.6667,84.25,50,79,6.98
286,Bulnes,CL,2021-06-07 00:12:20,-36.7423,-72.2985,47.16,71,100,0.92
287,Meulaboh,ID,2021-06-07 00:03:04,4.1363,96.1285,74.53,86,100,4.34
288,Ust-Nera,RU,2021-06-07 00:12:21,64.5667,143.2,63.57,63,100,6.44
289,Sorland,NO,2021-06-07 00:02:38,67.667,12.6934,51.46,88,99,8.14
290,Plettenberg Bay,ZA,2021-06-07 00:12:21,-34.0527,23.3716,67.78,29,1,11.25
291,Asuncion,PY,2021-06-07 00:08:22,-25.3007,-57.6359,67.44,83,90,7.45
292,Tessalit,ML,2021-06-07 00:12:22,20.1986,1.0114,93.78,13,40,8.86
293,Shitanjing,CN,2021-06-07 00:12:22,39.2342,106.3439,68.05,43,91,13.6
294,Araouane,ML,2021-06-07 00:03:56,18.9048,-3.5265,96.06,19,51,5.57
295,Lulea,SE,2021-06-07 00:12:23,65.5842,22.1547,53.67,66,20,4.61
296,Murwillumbah,AU,2021-06-07 00:12:23,-28.3167,153.4,68.02,52,10,1.86
297,Auki,SB,2021-06-07 00:03:14,-8.7676,160.7034,84.38,68,13,2.73
298,Carnarvon,AU,2021-06-07 00:12:23,-24.8667,113.6333,60.87,72,90,8.05
299,Kabanga,TZ,2021-06-07 00:12:24,-2.6386,30.4678,63.46,71,100,1.03
300,Genhe,CN,2021-06-07 00:03:17,50.7833,121.5167,69.78,38,5,2.8
301,Namibe,AO,2021-06-07 00:12:24,-15.1961,12.1522,74.03,48,34,9.55
302,Sinnamary,GF,2021-06-07 00:07:11,5.3833,-52.95,75.96,89,100,2.24
303,Watsa,CD,2021-06-07 00:12:25,3.0372,29.5355,61.0,97,60,2.64
304,Kabalo,CD,2021-06-07 00:12:25,-6.05,26.9167,73.35,60,88,4.07
305,Rivera,UY,2021-06-07 00:12:25,-30.9053,-55.5508,49.73,85,66,11.83
306,Saint George,US,2021-06-07 00:12:26,37.1041,-113.5841,102.67,11,1,10.0
307,Zhanakorgan,KZ,2021-06-07 00:12:26,43.9098,67.2495,74.59,49,0,3.91
308,Biak,ID,2021-06-07 00:12:27,-0.9131,122.8766,79.72,71,87,5.08
309,Burnie,AU,2021-06-07 00:07:50,-41.0667,145.9167,56.25,87,100,21.21
310,Cap Malheureux,MU,2021-06-07 00:03:21,-19.9842,57.6142,72.46,84,13,1.99
311,Clyde River,CA,2021-06-07 00:12:27,70.4692,-68.5914,35.37,100,100,1.16
312,Dzidzantun,MX,2021-06-07 00:12:28,21.25,-89.05,89.96,51,76,6.85
313,Ilulissat,GL,2021-06-07 00:12:28,69.2167,-51.1,35.62,93,75,0.0
314,Chunskiy,RU,2021-06-07 00:12:28,56.0815,99.6342,54.21,60,64,9.51
315,Bud,US,2021-06-07 00:07:36,39.447,-86.1758,80.55,92,100,11.23
316,Basi,IN,2021-06-07 00:12:29,26.8333,76.0333,86.34,46,20,13.53
317,Puerto Escondido,MX,2021-06-07 00:03:46,15.85,-97.0667,83.89,81,67,5.75
318,Surt,LY,2021-06-07 00:12:29,31.2089,16.5887,73.31,44,26,11.9
319,Namanga,KE,2021-06-07 00:12:30,-2.5433,36.7905,59.36,82,65,6.24
320,Hambantota,LK,2021-06-07 00:12:30,6.1241,81.1185,79.27,86,98,13.58
321,Caravelas,BR,2021-06-07 00:12:30,-17.7125,-39.2481,72.61,87,14,4.99
322,Sydney,AU,2021-06-07 00:08:06,-33.8679,151.2073,61.32,74,0,1.01
323,Makat,KZ,2021-06-07 00:04:13,47.6469,53.3463,69.44,44,90,8.95
324,Aykhal,RU,2021-06-07 00:12:29,66.0,111.5,37.09,78,79,26.6
325,Saint-Georges,GD,2021-06-07 00:07:20,12.0564,-61.7485,80.28,78,20,17.27
326,Megion,RU,2021-06-07 00:12:31,61.0296,76.1136,44.62,51,27,3.67
327,Carnduff,CA,2021-06-07 00:12:31,49.1667,-101.8009,74.37,34,4,15.26
328,Koumac,NC,2021-06-07 00:12:32,-20.5667,164.2833,74.25,54,90,13.56
329,Sorong,ID,2021-06-07 00:03:04,-0.8833,131.25,80.87,80,98,5.53
330,Hunchun,CN,2021-06-07 00:07:26,42.8675,130.3581,65.01,66,74,1.68
331,Pingxiang,CN,2021-06-07 00:12:33,27.6167,113.85,76.32,69,93,2.95
332,Jinchang,CN,2021-06-07 00:12:33,38.4953,102.1739,65.8,40,60,11.54
333,Fare,PF,2021-06-07 00:08:51,-16.7,-151.0167,80.69,73,57,9.51
334,Karratha,AU,2021-06-07 00:12:33,-20.7377,116.8463,75.4,54,72,10.87
335,Faanui,PF,2021-06-07 00:03:05,-16.4833,-151.75,81.14,77,85,11.83
336,Puyo,EC,2021-06-07 00:12:34,-1.4667,-77.9833,65.95,99,99,1.5
337,Korla,CN,2021-06-07 00:12:34,41.7597,86.1469,71.74,38,40,10.25
338,Turukhansk,RU,2021-06-07 00:04:26,65.8167,87.9833,35.35,73,66,8.1
339,Tomatlan,MX,2021-06-07 00:12:35,19.9333,-105.25,88.2,48,47,9.57
340,Nong Bua,TH,2021-06-07 00:12:35,15.8646,100.5858,81.88,70,100,3.6
341,Tuatapere,NZ,2021-06-07 00:12:35,-46.1333,167.6833,49.82,73,16,4.41
342,Brae,GB,2021-06-07 00:03:24,60.3964,-1.353,46.31,83,45,2.75
343,Ambulu,ID,2021-06-07 00:07:26,-8.345,113.6058,77.86,87,58,1.97
344,Kindu,CD,2021-06-07 00:12:36,-2.95,25.95,68.18,99,97,2.44
345,Puerto Quijarro,BO,2021-06-07 00:12:36,-17.7833,-57.7667,79.99,42,27,0.98
346,Sokna,NO,2021-06-07 00:12:36,60.24,9.9235,57.92,93,100,2.04
347,Changzhou,CN,2021-06-07 00:12:37,31.7833,119.9667,84.99,55,68,10.67
348,Isangel,VU,2021-06-07 00:03:35,-19.55,169.2667,75.16,56,93,10.69
349,Shwebo,MM,2021-06-07 00:12:37,22.5667,95.7,81.48,75,100,8.99
350,Elizabeth City,US,2021-06-07 00:05:58,36.2946,-76.2511,85.01,75,1,5.75
351,Ladario,BR,2021-06-07 00:12:37,-19.0047,-57.6017,81.5,41,78,2.57
352,Alice Springs,AU,2021-06-07 00:12:38,-23.7,133.8833,54.95,50,0,4.0
353,Mwene-Ditu,CD,2021-06-07 00:12:38,-7.0,23.45,72.05,55,95,3.29
354,Ahipara,NZ,2021-06-07 00:04:13,-35.1667,173.1667,61.95,88,100,11.34
355,Imbituba,BR,2021-06-07 00:12:39,-28.24,-48.6703,62.49,96,100,9.22
356,Paoua,CF,2021-06-07 00:12:39,7.2427,16.4406,69.1,87,83,4.92
357,Nikolayevka,RU,2021-06-07 00:12:39,53.1257,47.2041,55.2,94,75,0.85
358,Banda Aceh,ID,2021-06-07 00:07:53,5.5577,95.3222,79.27,74,100,12.5
359,Havelock,US,2021-06-07 00:08:21,34.8791,-76.9013,80.55,86,60,3.0
360,Margate,GB,2021-06-07 00:12:40,51.3813,1.3862,62.04,84,57,7.36
361,Salta,AR,2021-06-07 00:12:40,-24.7859,-65.4117,55.58,85,96,5.01
362,Dudinka,RU,2021-06-07 00:12:41,69.4058,86.1778,32.0,94,100,6.73
363,Lompoc,US,2021-06-07 00:12:41,34.6391,-120.4579,70.38,73,90,11.01
364,Shingu,JP,2021-06-07 00:03:58,33.7333,135.9833,70.14,79,100,3.36
365,Sitborice,CZ,2021-06-07 00:12:41,49.0143,16.7798,63.14,73,0,4.36
366,Aklavik,CA,2021-06-07 00:03:53,68.2191,-135.0107,51.75,37,12,8.68
367,Vila Velha,BR,2021-06-07 00:12:42,-20.3297,-40.2925,71.55,88,0,2.3
368,Umm Lajj,SA,2021-06-07 00:12:42,25.0213,37.2685,82.35,48,0,8.32
369,Dali,CN,2021-06-07 00:04:20,25.7,100.1833,65.41,83,48,2.91
370,Vestmannaeyjar,IS,2021-06-07 00:12:43,63.4427,-20.2734,48.0,87,100,16.33
371,Romitan,UZ,2021-06-07 00:12:43,39.9343,64.3814,84.15,37,0,12.66
372,Olga,RU,2021-06-07 00:12:43,43.7444,135.2892,68.09,53,1,6.96
373,Taonan,CN,2021-06-07 00:12:44,45.3333,122.7833,72.57,36,36,4.59
374,Padang,ID,2021-06-07 00:12:44,-0.9492,100.3543,76.57,77,70,3.47
375,Alyangula,AU,2021-06-07 00:07:40,-13.8483,136.4192,78.62,69,43,10.27
376,Qena,EG,2021-06-07 00:12:45,26.1615,32.7183,79.92,20,0,5.75
377,Elko,US,2021-06-07 00:12:45,41.0002,-115.5012,87.82,5,31,21.99
378,Ryotsu,JP,2021-06-07 00:12:46,38.0833,138.4333,69.55,71,100,4.74
379,Belaya Glina,RU,2021-06-07 00:12:46,46.07,40.86,54.19,95,48,8.23
380,Flin Flon,CA,2021-06-07 00:12:46,54.7682,-101.865,59.2,69,93,6.64
381,Lavrentiya,RU,2021-06-07 00:12:47,65.5833,-171.0,34.97,94,100,2.73
382,Liverpool,GB,2021-06-07 00:12:47,53.4106,-2.9779,59.77,76,41,2.64
383,Kodinsk,RU,2021-06-07 00:12:48,58.6881,99.1844,46.96,98,74,6.71
384,Palana,RU,2021-06-07 00:09:06,59.1167,159.9667,45.48,73,100,1.3
385,Kensington,AU,2021-06-07 00:12:48,-33.9167,151.2167,61.72,74,0,9.22
386,Helena,US,2021-06-07 00:12:48,46.5927,-112.0361,68.76,30,1,5.01
387,Cururupu,BR,2021-06-07 00:12:49,-1.8283,-44.8683,73.18,97,23,3.24
388,Kabanjahe,ID,2021-06-07 00:12:49,3.1001,98.4908,61.56,93,85,3.67
389,Kochkurovo,RU,2021-06-07 00:12:49,54.0358,45.4184,53.37,93,67,2.84
390,Fukue,JP,2021-06-07 00:09:15,32.6881,128.8419,70.83,83,100,7.45
391,Houma,US,2021-06-07 00:04:51,29.5958,-90.7195,80.6,83,75,8.05
392,Alta Floresta,BR,2021-06-07 00:07:18,-9.8756,-56.0861,76.03,59,75,3.24
393,Gevrai,IN,2021-06-07 00:12:50,19.2667,75.75,79.38,74,55,8.86
394,Yermakovskoye,RU,2021-06-07 00:12:50,53.2831,92.4003,49.5,88,63,2.35
395,Santa Rosa,PH,2021-06-07 00:12:51,14.3122,121.1114,87.12,80,100,1.14
396,Solwezi,ZM,2021-06-07 00:12:51,-12.1688,26.3894,50.31,78,70,5.17
397,Sarangani,PH,2021-06-07 00:08:37,5.4033,125.4636,82.62,74,99,3.94
398,Tromso,NO,2021-06-07 00:12:52,69.6496,18.957,48.22,57,0,6.91
399,Lat Yao,TH,2021-06-07 00:12:52,15.751,99.7893,81.28,79,100,3.85
400,Estelle,US,2021-06-07 00:12:53,29.8458,-90.1067,80.01,83,75,5.75
401,Yei,SS,2021-06-07 00:12:53,4.095,30.6779,65.28,95,34,2.21
402,Makasar,ID,2021-06-07 00:08:57,-5.14,119.4221,75.25,88,20,3.71
403,Cumana,VE,2021-06-07 00:08:05,10.4635,-64.1775,80.69,85,64,12.91
404,Barzas,RU,2021-06-07 00:12:54,55.7167,86.3167,59.23,96,77,7.63
405,Manjacaze,MZ,2021-06-07 00:12:54,-24.7117,33.8828,59.31,86,48,3.96
406,Bull Savanna,JM,2021-06-07 00:12:55,17.8868,-77.5902,77.85,76,12,11.12
407,Ust-Ishim,RU,2021-06-07 00:12:55,57.6935,71.1665,57.81,73,74,3.62
408,Tateyama,JP,2021-06-07 00:12:55,34.9833,139.8667,75.13,84,92,5.12
409,Borgarnes,IS,2021-06-07 00:12:56,64.5383,-21.9206,48.81,94,98,4.43
410,Joshimath,IN,2021-06-07 00:12:56,30.5667,79.5667,63.18,65,58,5.17
411,Escarcega,MX,2021-06-07 00:12:56,18.6089,-90.7454,93.99,35,69,6.33
412,Arman,RU,2021-06-07 00:12:57,59.7,150.1667,51.93,68,70,6.44
413,Yerbogachen,RU,2021-06-07 00:12:58,61.2767,108.0108,45.32,46,3,12.08
414,San Lazaro,BZ,2021-06-07 00:12:59,18.0387,-88.6622,85.78,64,54,9.93
415,Palmeira Das Missoes,BR,2021-06-07 00:12:59,-27.8994,-53.3136,57.24,96,100,6.78
416,Palmas Bellas,PA,2021-06-07 00:13:00,9.2319,-80.0867,82.09,86,82,7.67
417,Kostomuksha,RU,2021-06-07 00:13:00,64.571,30.5767,50.32,51,100,6.69
418,Filingue,NE,2021-06-07 00:13:00,14.3521,3.3168,81.12,56,89,21.43
419,Minbu,MM,2021-06-07 00:13:01,20.1833,94.8833,83.05,72,97,6.8
420,Gondanglegi,ID,2021-06-07 00:13:01,-7.7479,112.0132,77.23,88,28,7.52
421,Vardo,NO,2021-06-07 00:13:02,70.3705,31.1107,39.15,73,6,0.45
422,Mogadishu,SO,2021-06-07 00:13:02,2.0371,45.3438,78.69,87,46,19.8
423,Dzaoudzi,YT,2021-06-07 00:08:46,-12.7887,45.2699,78.69,78,0,16.11
424,Vilcun,CL,2021-06-07 00:13:03,-38.65,-72.2333,38.14,89,97,3.51
425,Tommot,RU,2021-06-07 00:09:42,58.9564,126.2925,53.91,81,85,13.38
426,Dalnerechensk,RU,2021-06-07 00:13:03,45.9339,133.7225,64.92,72,7,5.57
427,Cooma,AU,2021-06-07 00:13:03,-36.2333,149.1333,48.97,69,67,9.01
428,Whitehorse,CA,2021-06-07 00:13:03,60.7161,-135.0538,44.49,93,100,6.26
429,Ambanja,MG,2021-06-07 00:13:04,-13.6833,48.45,70.23,91,64,2.95
430,Verkhnyaya Balkariya,RU,2021-06-07 00:13:04,43.1279,43.4573,47.32,91,98,1.57
431,Hualmay,PE,2021-06-07 00:13:05,-11.0964,-77.6139,64.22,85,37,9.28
432,Mabaruma,GY,2021-06-07 00:04:29,8.2,-59.7833,74.05,97,70,4.59
433,Banyo,CM,2021-06-07 00:13:05,6.75,11.8167,64.24,93,90,2.44
434,Tarabha,IN,2021-06-07 00:13:06,20.7333,83.65,86.52,51,41,6.91
435,Pevek,RU,2021-06-07 00:13:06,69.7008,170.3133,48.72,64,25,12.41
436,Esperance,AU,2021-06-07 00:13:07,-33.8667,121.9,57.96,60,100,26.4
437,Dukat,RU,2021-06-07 00:13:07,62.55,155.55,50.4,63,78,7.45
438,Nanortalik,GL,2021-06-07 00:13:07,60.1432,-45.2371,43.5,77,100,12.86
439,Cobija,BO,2021-06-07 00:13:08,-11.0267,-68.7692,80.82,59,97,2.08
440,Golspie,GB,2021-06-07 00:13:08,57.9727,-3.978,54.14,90,87,4.59
441,Monclova,MX,2021-06-07 00:13:09,26.9,-101.4167,105.28,22,40,0.0
442,Mount Isa,AU,2021-06-07 00:13:09,-20.7333,139.5,67.77,40,0,9.22
443,Nong Kung Si,TH,2021-06-07 00:13:09,16.65,103.3,83.57,88,100,4.56
444,Linqiong,CN,2021-06-07 00:13:09,30.4159,103.4609,80.78,59,100,2.39
445,Laguna De Perlas,NI,2021-06-07 00:13:10,12.3429,-83.6712,79.43,88,63,10.31
446,Tamboril,DO,2021-06-07 00:13:10,19.4854,-70.611,76.87,88,13,7.54
447,Lazaro Cardenas,MX,2021-06-07 00:09:18,17.9583,-102.2,86.04,65,90,12.35
448,Torres,BR,2021-06-07 00:13:11,-29.3353,-49.7269,60.98,90,100,3.76
449,Barceloneta,PR,2021-06-07 00:13:11,18.4505,-66.5385,82.06,82,100,13.44
450,Volzhsk,RU,2021-06-07 00:13:11,55.8664,48.3594,63.75,87,6,3.76
451,Juneau,US,2021-06-07 00:13:12,58.3019,-134.4197,55.4,93,75,3.0
452,Rio Gallegos,AR,2021-06-07 00:09:21,-51.6226,-69.2181,41.05,65,40,12.66
453,Mayumba,GA,2021-06-07 00:07:42,-3.432,10.6554,75.24,93,99,5.53
454,Bethel,US,2021-06-07 00:13:12,41.3712,-73.414,84.88,64,1,8.05
455,Trairi,BR,2021-06-07 00:08:22,-3.2778,-39.2689,77.34,87,12,6.64
456,Buraydah,SA,2021-06-07 00:11:24,26.326,43.975,86.7,12,7,10.04
457,Karpogory,RU,2021-06-07 00:09:19,64.0019,44.4451,37.08,70,24,7.76
458,Miami Beach,US,2021-06-07 00:09:59,25.7906,-80.1301,84.02,74,40,3.0
459,Omboue,GA,2021-06-07 00:08:36,-1.5746,9.2618,75.76,95,89,4.61
460,Shanghai,CN,2021-06-07 00:09:10,31.2222,121.4581,80.46,58,0,7.09
461,Yar-Sale,RU,2021-06-07 00:13:13,66.8333,70.8333,36.32,78,58,10.04
462,Kasongo-Lunda,CD,2021-06-07 00:13:14,-6.4667,16.8167,68.14,48,31,1.45
463,Abay,KZ,2021-06-07 00:13:14,49.6311,72.8539,41.38,50,30,7.81
464,Jijiga,ET,2021-06-07 00:13:14,9.35,42.8,62.08,81,40,8.46
465,Xuddur,SO,2021-06-07 00:13:15,4.1213,43.8894,72.19,76,28,19.91
466,Narsaq,GL,2021-06-07 00:13:15,60.9167,-46.05,53.82,71,100,3.49
467,Vostok,RU,2021-06-07 00:03:15,46.4856,135.8833,63.5,48,71,5.41
468,Kavieng,PG,2021-06-07 00:13:04,-2.5744,150.7967,82.9,73,50,6.46
469,Dahuk,IQ,2021-06-07 00:13:16,36.8695,42.994,68.79,25,0,3.69
470,Nizhniy Tsasuchey,RU,2021-06-07 00:13:16,50.5167,115.1333,72.9,26,17,11.39
471,Tashara,RU,2021-06-07 00:13:17,55.5195,83.5094,61.23,81,26,9.01
472,Kambove,CD,2021-06-07 00:13:17,-10.8764,26.5969,56.01,66,86,6.93
473,Nuqui,CO,2021-06-07 00:13:17,5.7125,-77.2708,78.33,89,100,5.26
474,Zhigansk,RU,2021-06-07 00:08:07,66.7697,123.3711,53.85,40,100,15.48
475,Saint-Denis,FR,2021-06-07 00:09:18,48.9167,2.3333,62.15,84,0,6.91
476,Port-Cartier,CA,2021-06-07 00:04:01,50.0334,-66.8654,54.75,72,55,3.13
477,Pandan,PH,2021-06-07 00:13:18,14.0453,124.1694,83.75,73,100,2.26
478,Coquimbo,CL,2021-06-07 00:13:16,-29.9533,-71.3436,55.13,87,90,2.95
479,Yarada,IN,2021-06-07 00:03:54,17.65,83.2667,82.72,89,20,12.73
480,Port Augusta,AU,2021-06-07 00:13:19,-32.5,137.7667,61.7,51,5,21.85
481,Colonia,DE,2021-06-07 00:13:19,50.9333,6.95,62.56,91,20,4.81
482,Playas,EC,2021-06-07 00:13:19,-2.6333,-80.3833,72.57,83,97,9.64
483,Gualeguaychu,AR,2021-06-07 00:13:20,-33.0094,-58.5172,50.04,87,9,7.58
484,Djambala,CG,2021-06-07 00:03:41,-2.5447,14.7533,70.39,74,29,3.24
485,Bonthe,SL,2021-06-07 00:04:03,7.5264,-12.505,80.13,87,100,9.37
486,Terrace,CA,2021-06-07 00:07:52,54.5163,-128.6035,58.42,72,99,2.13
487,North Platte,US,2021-06-07 00:09:54,41.1239,-100.7654,91.02,45,1,3.0
488,Hami,CN,2021-06-07 00:13:21,42.8,93.45,67.06,16,26,15.21
489,Port Hawkesbury,CA,2021-06-07 00:07:00,45.6169,-61.3485,55.18,79,88,1.01
490,Totoral,PE,2021-06-07 00:13:21,-17.4053,-70.365,59.54,44,10,0.54
491,La Asuncion,VE,2021-06-07 00:13:21,11.0333,-63.8628,80.33,89,85,15.66
492,Matam,SN,2021-06-07 00:11:44,15.6175,-13.3303,97.59,16,0,8.55
493,Black Diamond,US,2021-06-07 00:13:22,47.3087,-122.0032,53.26,83,100,2.64
494,Midland,US,2021-06-07 00:10:22,31.9974,-102.0779,96.49,30,1,12.66
495,Toguchin,RU,2021-06-07 00:13:22,55.2353,84.3858,56.07,88,37,8.9
496,Golkoy,TR,2021-06-07 00:13:23,40.6875,37.6178,45.81,74,0,5.21
497,Riyadh,SA,2021-06-07 00:12:35,24.6877,46.7219,91.54,15,0,3.44
498,Paracuru,BR,2021-06-07 00:13:23,-3.41,-39.0306,81.1,84,16,8.75
499,Ambam,CM,2021-06-07 00:13:23,2.3833,11.2833,68.49,99,100,1.25
500,Morondava,MG,2021-06-07 00:08:05,-20.2833,44.2833,71.73,57,25,13.71
501,Siniscola,IT,2021-06-07 00:13:24,40.5719,9.6922,65.75,86,36,5.23
502,Puerto Ayacucho,VE,2021-06-07 00:09:40,5.6639,-67.6236,77.45,88,83,1.19
503,Martin,US,2021-06-07 00:13:24,27.0837,-80.4164,82.96,71,82,14.5
504,Tambacounda,SN,2021-06-07 00:13:25,13.7539,-13.7586,93.36,31,0,17.34
505,Mahajanga,MG,2021-06-07 00:13:25,-15.7167,46.3167,73.42,78,20,4.61
506,Lazarev,RU,2021-06-07 00:13:25,52.225,141.5131,39.85,91,100,11.14
507,Mount Gambier,AU,2021-06-07 00:04:33,-37.8333,140.7667,59.0,56,100,17.87
508,Lianzhou,CN,2021-06-07 00:13:25,24.7811,112.3825,75.49,75,0,0.31
509,Ushtobe,KZ,2021-06-07 00:13:26,45.2514,77.9838,56.25,37,35,7.14
510,Marihatag,PH,2021-06-07 00:13:26,8.7936,126.2969,77.07,90,100,2.26
511,Pangody,RU,2021-06-07 00:13:26,65.85,74.4859,36.79,66,37,10.36
512,Sungairaya,ID,2021-06-07 00:13:27,0.7,108.9,79.48,83,95,5.12
513,Stourbridge,GB,2021-06-07 00:13:27,52.4561,-2.1432,59.04,96,24,2.57
514,Nerl,RU,2021-06-07 00:13:27,56.6628,40.3893,54.7,95,79,3.69
515,Canutama,BR,2021-06-07 00:13:28,-6.5339,-64.3831,76.64,89,92,2.46
516,Lagos,NG,2021-06-07 00:13:28,6.5833,3.75,75.79,92,98,3.29
517,Ouesso,CG,2021-06-07 00:13:28,1.6136,16.0517,69.82,93,87,2.59
518,Mahanje,TZ,2021-06-07 00:13:28,-9.9333,35.3333,60.08,81,96,2.57
519,Sandy Bay,AU,2021-06-07 00:13:29,-42.913,147.3532,59.29,63,75,3.0
520,College,US,2021-06-07 00:10:53,64.8569,-147.8028,71.65,51,75,12.66
521,Uray,RU,2021-06-07 00:13:29,60.1247,64.7758,51.39,76,72,7.58
522,Payyannur,IN,2021-06-07 00:13:30,12.1,75.2,77.83,88,100,2.28
523,Subiaco,IT,2021-06-07 00:13:30,41.9254,13.0941,61.25,88,100,3.06
524,Hofn,IS,2021-06-07 00:12:59,64.2539,-15.2082,46.85,98,96,13.0
525,Traverse City,US,2021-06-07 00:13:30,44.7631,-85.6206,84.31,39,40,11.5
526,Omsukchan,RU,2021-06-07 00:04:00,62.5333,155.8,51.98,64,77,8.72
527,Bandar-E Anzali,IR,2021-06-07 00:13:31,37.4727,49.4622,69.44,80,28,4.83
528,Longyearbyen,SJ,2021-06-07 00:13:31,78.2186,15.6401,35.44,80,0,8.05
529,Derbent,RU,2021-06-07 00:13:32,42.0678,48.2899,63.37,78,43,3.69
530,Marstal,DK,2021-06-07 00:13:32,54.8562,10.5173,60.71,78,89,6.29
531,Kluang,MY,2021-06-07 00:13:32,2.0251,103.3328,76.95,90,80,1.63
532,Miri,MY,2021-06-07 00:13:33,4.4148,114.0089,79.29,81,100,4.5
533,Cartagena,CO,2021-06-07 00:13:33,10.3997,-75.5144,83.82,79,40,6.91
534,Dingle,PH,2021-06-07 00:07:49,10.9995,122.6711,80.74,77,100,3.0
535,Say,NE,2021-06-07 00:13:34,13.1007,2.3689,81.34,56,70,27.96
536,Young,UY,2021-06-07 00:13:34,-32.6833,-57.6333,49.23,82,5,8.41
537,Lakes Entrance,AU,2021-06-07 00:13:34,-37.8811,147.981,56.17,59,100,10.69
538,Aksu,CN,2021-06-07 00:13:35,41.1231,80.2644,74.01,29,39,5.53
539,Yumen,CN,2021-06-07 00:13:35,40.2833,97.2,60.62,14,75,13.78
540,Marawi,PH,2021-06-07 00:13:35,7.9986,124.2928,66.65,78,99,1.88
541,Berezovyy,RU,2021-06-07 00:12:14,51.6667,135.7,57.9,82,98,1.83
542,Weligama,LK,2021-06-07 00:13:36,5.9667,80.4167,78.69,88,95,9.95
543,Popondetta,PG,2021-06-07 00:13:36,-8.7537,148.2534,83.8,69,83,0.45
544,Chifeng,CN,2021-06-07 00:13:37,42.2683,118.9636,68.11,44,96,10.09
545,Artyom,AZ,2021-06-07 00:13:37,40.4723,50.333,64.54,84,0,11.5
546,Barstow,US,2021-06-07 00:13:37,34.8986,-117.0228,97.79,12,5,23.71
547,Pangnirtung,CA,2021-06-07 00:13:38,66.1451,-65.7125,29.79,94,31,2.04
548,Vila Franca Do Campo,PT,2021-06-07 00:13:38,37.7167,-25.4333,64.81,86,95,0.92
549,Rawson,AR,2021-06-07 00:13:38,-43.3002,-65.1023,48.78,53,48,19.98
550,Lima,PE,2021-06-07 00:04:47,-12.0432,-77.0282,63.9,83,10,5.66
551,Ajdabiya,LY,2021-06-07 00:13:39,30.7554,20.2263,73.51,38,0,8.79
552,Neryungri,RU,2021-06-07 00:09:38,56.6709,124.6491,59.38,72,71,14.92
553,Codrington,AU,2021-06-07 00:13:39,-38.2667,141.9667,58.64,60,100,23.67
554,Suruc,TR,2021-06-07 00:13:39,36.9761,38.425,66.4,28,0,7.56
555,Bria,CF,2021-06-07 00:13:40,6.5423,21.9863,68.14,97,96,1.99
556,Huron,US,2021-06-07 00:09:33,41.1501,-82.5499,83.66,81,72,15.19
557,Moose Factory,CA,2021-06-07 00:07:04,51.2585,-80.6094,86.2,44,99,12.84
558,Brookhaven,US,2021-06-07 00:13:40,31.5791,-90.4407,73.71,94,33,9.66
559,Portel,BR,2021-06-07 00:13:41,-1.9356,-50.8211,77.59,76,54,3.74
560,Pascagoula,US,2021-06-07 00:04:17,30.3658,-88.5561,79.02,96,90,9.53
561,Congonhas,BR,2021-06-07 00:13:41,-20.4997,-43.8578,63.0,86,100,2.04
562,Chengde,CN,2021-06-07 00:13:41,40.9725,117.9361,64.51,63,100,1.34
563,Haines Junction,CA,2021-06-07 00:07:37,60.7522,-137.5108,57.76,48,100,4.36
564,Zwedru,LR,2021-06-07 00:13:42,6.0667,-8.1281,72.19,99,38,3.04
565,Odweyne,SO,2021-06-07 00:13:42,9.4092,45.064,73.9,56,0,13.02
566,Torit,SS,2021-06-07 00:13:43,4.4133,32.5678,71.1,83,46,3.24
567,Inhuma,BR,2021-06-07 00:13:43,-6.6683,-41.7078,77.95,51,62,7.7
568,Vanimo,PG,2021-06-07 00:08:38,-2.6741,141.3028,78.94,90,99,8.75
569,Griffith,US,2021-06-07 00:13:43,41.5284,-87.4237,86.04,55,75,1.99
570,Ancud,CL,2021-06-07 00:13:44,-41.8697,-73.8203,52.23,86,100,16.8
571,Blagoyevo,RU,2021-06-07 00:13:44,63.3667,47.9167,43.7,57,63,9.13
572,Novo Aripuana,BR,2021-06-07 00:13:44,-5.1206,-60.3797,78.53,79,97,1.9
573,Gladstone,AU,2021-06-07 00:13:45,-23.85,151.25,71.78,46,0,5.75
574,Swellendam,ZA,2021-06-07 00:13:45,-34.0226,20.4417,60.21,37,2,10.69
575,Calabozo,VE,2021-06-07 00:13:45,8.9242,-67.4293,77.18,76,100,3.22
576,Cheyenne,US,2021-06-07 00:04:09,41.14,-104.8203,82.9,29,75,20.18
577,Wajir,KE,2021-06-07 00:13:46,1.7471,40.0573,75.02,70,15,18.32
578,Atasu,KZ,2021-06-07 00:13:46,48.6814,71.6433,54.99,41,82,9.31
579,Lucapa,AO,2021-06-07 00:13:46,-8.4192,20.7447,64.72,50,24,4.36
580,Atar,MR,2021-06-07 00:13:47,20.5169,-13.0499,93.85,15,7,19.1
581,Puerto Madryn,AR,2021-06-07 00:13:47,-42.7692,-65.0385,49.71,53,35,22.24
582,La Ronge,CA,2021-06-07 00:13:47,55.1001,-105.2842,62.24,54,94,8.97
583,Muravlenko,RU,2021-06-07 00:13:48,63.7898,74.523,40.28,57,8,5.99
584,Eenhana,NA,2021-06-07 00:13:48,-17.4667,16.3333,56.37,46,16,10.27
585,Kochubey,RU,2021-06-07 00:13:48,44.3861,46.5825,62.31,86,100,16.96
586,Nhamunda,BR,2021-06-07 00:13:49,-2.1861,-56.7131,79.92,70,94,2.17
587,Ilebo,CD,2021-06-07 00:08:50,-4.3167,20.5833,69.28,99,91,1.99
588,Hamilton,US,2021-06-07 00:11:38,39.1834,-84.5333,80.44,85,75,1.99
589,Serebryansk,KZ,2021-06-07 00:13:49,49.6925,83.2892,49.55,68,1,2.68
590,Faya,SA,2021-06-07 00:06:45,18.3851,42.4509,68.74,48,5,3.44
591,Saint-Louis,SN,2021-06-07 00:13:50,16.3333,-15.0,91.42,22,1,9.8
592,Kholtoson,RU,2021-06-07 00:12:10,50.2981,103.3097,39.87,82,98,4.63
593,Bondoukou,CI,2021-06-07 00:13:50,8.0333,-2.8,74.3,87,24,5.93
594,Qianan,CN,2021-06-07 00:13:50,44.9932,124.0581,70.25,44,11,4.29
595,Dutse,NG,2021-06-07 00:13:51,11.7594,9.3392,78.6,59,66,20.56
596,Ascension,US,2021-06-07 00:13:51,30.2169,-90.9001,80.6,88,40,4.61
597,Porto Santo,PT,2021-06-07 00:13:51,33.072,-16.3415,66.11,72,40,12.66
598,Poltavka,RU,2021-06-07 00:13:52,54.3663,71.7632,57.85,51,3,6.22
599,Zakharovo,RU,2021-06-07 00:13:52,54.366,39.2792,56.68,96,60,5.06
600,Vestmanna,FO,2021-06-07 00:13:53,62.1564,-7.1664,47.32,100,90,4.99
601,Saint-Leu,RE,2021-06-07 00:13:53,-21.15,55.2833,72.46,83,61,17.96
602,Chimore,BO,2021-06-07 00:08:41,-16.9833,-65.1333,68.59,95,71,2.73
603,Kedrovyy,RU,2021-06-07 00:13:53,56.1667,91.8167,55.81,86,89,10.49
604,Chongoyape,PE,2021-06-07 00:13:54,-6.6406,-79.3892,65.37,83,99,3.04
605,Guanhaes,BR,2021-06-07 00:13:54,-18.775,-42.9325,61.52,88,95,2.62
606,Sheregesh,RU,2021-06-07 00:13:54,52.9209,87.9869,48.15,92,32,3.15
607,Haukipudas,FI,2021-06-07 00:13:06,65.1765,25.3523,57.25,91,75,7.9
608,Ngunguru,NZ,2021-06-07 00:13:55,-35.6167,174.5,60.17,93,100,31.99
609,Mucurapo,TT,2021-06-07 00:13:55,10.6667,-61.5333,80.26,74,44,1.99
610,Srbinovo,MK,2021-06-07 00:13:56,41.7058,20.9603,55.65,80,97,2.68
611,Lasa,IT,2021-06-07 00:13:56,46.6166,10.7002,57.61,95,99,3.02
612,Zhezkazgan,KZ,2021-06-07 00:12:46,47.8043,67.7144,60.46,29,88,9.24
613,Ekhabi,RU,2021-06-07 00:13:57,53.5102,142.9671,37.9,96,100,13.78
614,Ayan,RU,2021-06-07 00:08:25,56.45,138.1667,42.08,89,98,4.85
615,Buchanan,LR,2021-06-07 00:13:57,5.8808,-10.0467,76.96,84,100,6.24
616,Mecca,SA,2021-06-07 00:07:58,21.4267,39.8261,85.3,55,20,3.18
617,Poronaysk,RU,2021-06-07 00:13:57,49.2167,143.1167,56.01,67,61,4.94
618,Nouadhibou,MR,2021-06-07 00:08:52,20.931,-17.0347,67.98,77,95,19.57
619,Axim,GH,2021-06-07 00:13:58,4.8699,-2.2405,78.96,83,14,8.19
620,Vyartsilya,RU,2021-06-07 00:13:58,62.1764,30.693,53.19,80,10,8.05
621,Nichinan,JP,2021-06-07 00:13:59,31.6,131.3667,74.35,78,100,5.84
622,Ostrovnoy,RU,2021-06-07 00:13:59,68.0531,39.5131,38.05,92,8,6.35
623,Bathsheba,BB,2021-06-07 00:13:59,13.2167,-59.5167,81.21,69,40,21.18
624,Diamantino,BR,2021-06-07 00:14:00,-14.4086,-56.4461,76.95,51,74,4.59
625,Stavrovo,RU,2021-06-07 00:14:00,56.1331,40.013,57.02,94,81,3.89
626,Necochea,AR,2021-06-07 00:09:37,-38.5473,-58.7368,45.03,59,100,7.81
627,Saint-Joseph,RE,2021-06-07 00:07:58,-21.3667,55.6167,71.98,86,72,14.85
628,Boma,GH,2021-06-07 00:14:01,7.0805,-2.1697,72.64,96,28,3.31
629,Taman,RU,2021-06-07 00:14:01,45.2117,36.7161,62.92,70,99,7.47
630,Bilma,NE,2021-06-07 00:13:15,18.6853,12.9164,90.27,16,99,8.66
631,Mairana,BO,2021-06-07 00:14:02,-18.1167,-63.9333,51.53,99,83,1.97
632,Olafsvik,IS,2021-06-07 00:12:44,64.8945,-23.7142,47.07,88,100,2.57
633,Bernalillo,US,2021-06-07 00:14:02,35.05,-106.6673,94.33,14,75,17.27
634,Kobryn,BY,2021-06-07 00:14:03,52.2138,24.3564,54.91,91,60,7.54
635,Chapais,CA,2021-06-07 00:14:03,49.7834,-74.8492,71.42,50,64,2.48
636,Zhangye,CN,2021-06-07 00:14:03,38.9342,100.4517,64.27,37,37,3.44
637,Natal,BR,2021-06-07 00:07:57,-5.795,-35.2094,75.85,88,75,9.17
638,Binabalian,PH,2021-06-07 00:14:04,16.4202,119.9279,82.9,78,93,12.97
639,Areosa,PT,2021-06-07 00:14:04,41.7178,-8.8571,64.31,84,4,8.59
640,Saint-Pierre,RE,2021-06-07 00:08:35,-21.3393,55.4781,73.08,80,90,20.71
641,Hirara,JP,2021-06-07 00:14:05,24.8,125.2833,82.26,89,75,8.05
642,Luwuk,ID,2021-06-07 00:09:38,-0.9516,122.7875,81.77,71,83,4.5
643,Tartus,SY,2021-06-07 00:14:05,34.889,35.8866,68.41,56,0,2.39
644,Nhulunbuy,AU,2021-06-07 00:07:12,-12.2333,136.7667,83.01,65,75,14.97
645,Taltal,CL,2021-06-07 00:14:06,-25.4,-70.4833,61.16,77,19,5.66
646,Khandyga,RU,2021-06-07 00:12:13,62.6667,135.6,66.51,57,99,5.59
647,Matagami,CA,2021-06-07 00:14:06,49.7502,-77.6328,75.96,63,60,6.93
648,Soria,ES,2021-06-07 00:14:06,41.6667,-2.6667,50.86,81,5,2.44
649,Zenzeli,RU,2021-06-07 00:14:07,45.9241,47.0474,67.55,50,96,7.78
650,Vung Tau,VN,2021-06-07 00:14:07,10.346,107.0843,83.21,80,100,15.17
651,Druzhba,UA,2021-06-07 00:14:08,52.0428,33.9453,52.5,97,28,5.84
652,Tiznit,MA,2021-06-07 00:04:14,29.5833,-9.5,68.63,65,100,2.08
653,Rundu,NA,2021-06-07 00:07:09,-17.9333,19.7667,48.06,60,27,6.55
654,Samfya,ZM,2021-06-07 00:14:08,-11.3649,29.5565,58.95,69,83,9.89
655,Taunggyi,MM,2021-06-07 00:14:09,20.7833,97.0333,65.57,93,100,2.68
656,Leninskoye,KZ,2021-06-07 00:14:09,41.7589,69.3864,80.53,42,7,5.55
657,Aquitania,CO,2021-06-07 00:14:09,5.5197,-72.8875,48.61,97,99,1.63
658,Mugur-Aksy,RU,2021-06-07 00:14:10,50.35,90.5,40.14,61,8,2.89
659,Robertsport,LR,2021-06-07 00:14:10,6.7533,-11.3686,81.05,82,100,10.71
660,Kenai,US,2021-06-07 00:08:36,60.5544,-151.2583,69.03,49,1,14.97
661,Maler Kotla,IN,2021-06-07 00:14:10,30.5167,75.8833,86.13,29,0,2.26
662,Fort Saint James,CA,2021-06-07 00:14:11,54.4333,-124.25,60.39,31,100,4.32
663,Black River,JM,2021-06-07 00:14:11,18.0264,-77.8487,82.4,72,30,6.38
664,Bogorodskoye,RU,2021-06-07 00:14:11,56.55,37.8833,54.88,93,71,2.46
665,Barra Do Corda,BR,2021-06-07 00:14:12,-5.5,-45.25,78.19,65,56,2.62
666,Northam,GB,2021-06-07 00:14:12,51.0333,-4.2167,55.29,94,24,4.72
667,Port Moresby,PG,2021-06-07 00:08:35,-9.4431,147.1797,78.58,83,100,5.57
668,Vila,PT,2021-06-07 00:07:32,42.0304,-8.1588,53.33,83,19,3.76
669,Shizilu,CN,2021-06-07 00:14:13,35.1711,118.8289,87.53,46,100,10.25
670,El Fuerte,MX,2021-06-07 00:14:13,26.4189,-108.6194,99.75,18,7,17.63
671,Tecoanapa,MX,2021-06-07 00:14:14,16.5167,-98.75,86.43,69,51,10.67
672,Cochabamba,BO,2021-06-07 00:14:14,-17.3895,-66.1568,60.55,39,40,5.75
673,Leeton,AU,2021-06-07 00:04:24,-34.5667,146.4,54.03,58,100,9.22
674,Jalu,LY,2021-06-07 00:14:15,29.0331,21.5482,74.16,34,0,8.43
675,Mokhsogollokh,RU,2021-06-07 00:12:12,61.4681,128.9203,60.76,61,100,12.3
676,Svetlogorsk,BY,2021-06-07 00:14:15,52.6333,29.7333,54.37,94,46,6.08
677,Paranaiba,BR,2021-06-07 00:14:15,-19.6772,-51.1908,74.25,39,13,6.53
678,Sao Jose Da Coroa Grande,BR,2021-06-07 00:07:06,-8.8978,-35.1478,76.21,85,20,8.95
679,Oussouye,SN,2021-06-07 00:14:16,12.485,-16.5469,77.11,84,9,9.13
